shape,target_rps,repeat,attempted,success,rejected,failed,reject_rate,successful_requests_per_arrival_second,avg_input_tokens,avg_output_tokens,p50_ttft,p95_ttft,p99_ttft,p50_e2e,p99_e2e
prefill_heavy,5.0,1,150,150,0,0,0.0,5.0,1418.0,128.0,0.09785038203699514,0.10995785135310143,0.20526431768666908,2.105591365485452,2.1374081154516897
prefill_heavy,5.0,2,150,150,0,0,0.0,5.0,1418.0,128.0,0.09885392355499789,0.10836831344058737,0.15019793510553373,2.1322517995140515,2.1910371347353785
prefill_heavy,5.0,3,150,150,0,0,0.0,5.0,1418.0,128.0,0.10067591251572594,0.11022134938975797,0.11611464614514258,2.1446731394389644,2.1641128327150363
prefill_heavy,8.0,1,240,240,0,0,0.0,8.0,1418.0,128.0,0.11383251548977569,0.12256717390846461,0.14144428611383805,2.5401085629709996,2.5716240538586863
prefill_heavy,8.0,2,240,240,0,0,0.0,8.0,1418.0,128.0,0.1121630160487257,0.12263858342776075,0.18119656154885905,2.5399761385051534,2.6418161112023526
prefill_heavy,8.0,3,240,240,0,0,0.0,8.0,1418.0,128.0,0.11201723152771592,0.1222343499364797,0.1536306278302801,2.54113698907895,2.5979515338083727
prefill_heavy,10.0,1,300,300,0,0,0.0,10.0,1418.0,128.0,0.13758087594760582,0.16259082247852347,0.19697815628489462,4.14132968505146,5.143339823847636
prefill_heavy,10.0,2,300,300,0,0,0.0,10.0,1418.0,128.0,0.1375910909846425,0.16192420172155836,0.46794217007351024,3.9983237224514596,4.851723768200027
prefill_heavy,10.0,3,300,300,0,0,0.0,10.0,1418.0,128.0,0.13753127603558823,0.15631312590558083,0.1642487146204803,4.128295750939287,5.048097639090847
prefill_heavy,12.0,1,360,360,0,0,0.0,12.0,1418.0,128.0,0.4041932480176911,0.7412787469977048,0.8364471107081047,14.093875441059936,20.283521646750163
prefill_heavy,12.0,2,360,360,0,0,0.0,12.0,1418.0,128.0,0.4032130910200067,0.7612301142828074,0.9027252810983933,13.775045325048268,19.55830632135156
prefill_heavy,12.0,3,360,360,0,0,0.0,12.0,1418.0,128.0,0.4123519685235806,0.7784370297391435,0.9601280781568498,14.18041091854684,19.82081749955658
prefill_heavy,15.0,1,450,450,0,0,0.0,15.0,1418.0,128.0,0.6487191885244101,17.373800892726287,18.09332682419568,29.681376620486844,34.847418856463634
prefill_heavy,15.0,2,450,450,0,0,0.0,15.0,1418.0,128.0,0.6071430915035307,17.94709938004962,18.833596746034452,30.47875040001236,35.57529403421446
prefill_heavy,15.0,3,450,450,0,0,0.0,15.0,1418.0,128.0,0.6636602200451307,15.93316702041193,16.87831140365568,28.84909290994983,34.62346672931104
prefill_heavy,20.0,1,600,594,0,6,0.0,19.8,1418.0,128.0,5.880837248987518,27.436486484046334,32.00115492575337,36.98372939997353,44.309646347549275
prefill_heavy,20.0,2,600,594,0,6,0.0,19.8,1418.0,128.0,3.87081319646677,23.391773452190687,30.029241932438456,33.40289208246395,42.65919304185663
prefill_heavy,20.0,3,600,591,0,9,0.0,19.7,1418.0,128.0,2.4548192609800026,21.070242025482003,24.886939235648608,31.187672054977156,41.94721322573023
