target_rps,workload,repeat,attempted,success,rejected,failed,reject_rate,avg_input_tokens,avg_output_tokens,p50_ttft,p95_ttft,p99_ttft,p50_e2e,p99_e2e
20.0,heterogeneous,1,600,600,0,0,0.0,193.0,103.53333333333333,0.09170791320502758,0.1796774975955486,0.2934887067042288,1.9307985696941614,2.525710123050958
20.0,heterogeneous,2,600,586,14,0,0.023333333333333334,191.49829351535837,103.40955631399318,0.09323741775006056,0.7067918283864856,1.7878422105684875,2.14667706284672,4.10493489401415
20.0,heterogeneous,3,600,597,3,0,0.005,192.8324958123953,103.39698492462311,0.08657086081802845,0.2272380091249943,1.1268418475985522,2.060138627886772,3.290164484828705
25.0,heterogeneous,1,750,659,91,0,0.12133333333333333,197.597875569044,103.51593323216996,0.11701994016766548,0.7646633822470904,2.21991452421993,2.494557149708271,4.546207928992807
25.0,heterogeneous,2,750,667,83,0,0.11066666666666666,196.31334332833583,103.34332833583208,0.11266220360994339,0.7657837290316823,1.7954150519892575,2.4321369640529156,4.1509125966206195
25.0,heterogeneous,3,750,675,75,0,0.1,194.36296296296297,103.01629629629629,0.11228958331048489,0.618495734781025,1.4555704404413699,2.3548708371818066,3.8071418205276126
30.0,heterogeneous,1,900,683,217,0,0.2411111111111111,198.73938506588578,103.1112737920937,0.12391676753759384,0.8255538005381821,1.8274844511970865,2.5699067004024982,4.150349056757985
30.0,heterogeneous,2,900,697,203,0,0.22555555555555556,199.61406025824965,103.08177905308465,0.1292461734265089,0.79174154251814,1.7091158202290535,2.5697679203003645,4.089371545165776
30.0,heterogeneous,3,900,688,212,0,0.23555555555555555,202.7093023255814,103.92877906976744,0.13006984163075686,0.8417669127695255,2.05366229262203,2.6455901134759188,4.073534353673456
